CustId,TicketNo
1,129Y414G67
2,578L413S92
3,634C374Y56
4,954S273K73
5,753C149K28
6,273Q432X16
7,948Z425N43
8,231R874F36
9,356R898N44
10,818W885Q13
11,865F257R43
12,268X673K89
13,194J596O87
14,926L877Z47
15,527L612Z42
16,293H643X41
17,917L425V38
18,454G234G87
19,472T856B77
20,231D358N47
21,363R846X85
22,615T283F73
23,395I583Y78
24,643I167E72
25,564B929O86
26,168V236R15
27,358J876K72
28,662O892S43
29,185Q168R46
30,584M546M63
31,822N352T45
32,934K684Q73
33,578Z454B54
34,859M474G62
35,489D566Y84
36,657F944D56
37,672J574P57
38,836X361G42
39,665X561P28
40,115S878Y28
41,632R472G98
42,457K534R64
43,947A743W92
44,817J636L37
45,626V647F37
46,626A776O68
47,646R652N88
48,881O564P85
49,765Y327T32
50,858H744R51
51,325Q712K22
52,978Q447D82
53,852K623B48
54,657B476V83
55,771Y641Q53
56,873I763C67
57,865I587S49
58,238Z286P18
59,317N681G12
60,473E592X48
61,141P657O85
62,598L752U58
63,683N766E55
64,843E794D26
65,787J611F48
66,777E232H68
67,422D337T37
68,656Q644Q32
69,936S443G98
70,361Z616R54
71,645Q273K67
72,434H317O27
73,837E712D52
74,225W744G87
75,878O978H38
76,375C434E27
77,256F324O27
78,795F399Y66
79,764X262U46
80,451E778F67
81,579T945E37
82,585X797Q57
83,392X398B79
84,524N334K43
85,327C255S86
86,536D495T54
87,553X586H46
88,218T654I25
89,682J473T96
90,648P295M86
91,641O368M75
92,234F687O12
93,378G522M14
94,823B264S67
95,325P446R34
96,326V318M32
97,293S924X23
98,332M252N36
99,192S523F12
100,487U683Q87
